CODIGO,ENTIDAD,NOMBRE FANTASIA,DIRECCION,COMUNA,HORARIO REFERENCIAL,ESTE,NORTE,LONGITUD,LATITUD
100,Unimarc,UNIMARC ZAPADORES,ZAPADORES 1320,CONCHALI,Lun-Vie 08:30 a 22:00 Sab 08:30 a 22:00 Dom 08:30 a 22:00,345213,6304640,-70.6641478015796,-33.3862617267971
101,Unimarc,UNIMARC LAS REJAS,LAS REJAS SUR 1279,ESTACION CENTRAL,Lun-Vie 08:30 a 22:00 Sab 08:30 a 22:00 Dom 08:30 a 22:00,341557,6295424,-70.70507104166667,-33.46882000000001
102,Unimarc,UNIMARC JUAN ANTONIO RIOS,SALOMON SACK 351,INDEPENDENCIA,Lun-Vie 08:30 a 22:00 Sab 08:30 a 22:00 Dom 08:30 a 22:00,344653,6300937,-70.67080616666668,-33.419566666666654
103,Unimarc,UNIMARC-INDEPENDENCIA,AV. EL GUANACO 3100,CONCHALI,Lun-Vie 08:30 a 22:00 Sab 08:30 a 22:00 Dom 08:30 a 22:00,345812,6303726,-70.6578679616206,-33.3945915377861
104,Unimarc,UNIMARC LO OVALLE,GRAN AVENIDA 6555,LA CISTERNA,Lun-Vie 08:30 a 22:00 Sab 08:30 a 22:00 Dom 08:30 a 22:00,345864,6290169,-70.65963511904762,-33.516832083333334
105,Unimarc,UNIMARC VICUÑA PARAD 19,AV.VICUÑA MACKENNA 9090,LA FLORIDA,Lun-Vie 08:30 a 22:00 Sab 08:30 a 22:00 Dom 08:30 a 22:00,352240,6287757,-70.5914099988768,-33.5394802038029
106,Unimarc,UNIMARC ROJAS MAGALLANES,ROJAS MAGALLANES 3638,LA FLORIDA,Lun-Vie 08:30 a 22:00 Sab 08:30 a 22:00 Dom 08:30 a 22:00,355705,6288235,-70.5547798666583,-33.5359270019668
107,Unimarc,UNIMARC MIRADOR,VICUÑA MACKENNA ORIENTE 6331,LA FLORIDA,Lun-Dom 09:00 a 21:00,350733,6290567,-70.6071683333333,-33.513935000000004
108,Unimarc,UNIMARC VICENTE VALDES,VICENTE VALDES 087,LA FLORIDA,Lun-Vie 08:30 a 22:00 Sab 08:30 a 22:00 Dom 08:30 a 22:00,351873,6289192,-70.595128,-33.526600
109,Unimarc,UNIMARC LA REINA,PRINCIPE DE GALES 7271,LA REINA,Lun-Vie 08:30 a 22:00 Sab 08:30 a 22:00 Dom 08:30 a 22:00,355356,6298989,-70.5566216661032,-33.439033930051
110,Unimarc,UNIMARC BATUCO,AV. FRANCIA 640,LAMPA,Lun-Vie 08:30 a 22:00 Sab 08:30 a 22:00 Dom 08:30 a 22:00,331559,6321701,-70.80771748822639,-33.230514171094136
111,Unimarc,UNIMARC LAMPA,ARTURO PRAT 681,LAMPA,Lun-Vie 08:30 a 22:00 Sab 08:30 a 22:00 Dom 08:30 a 22:00,325209,6315476,-70.87704195288244,-33.28562288539904
112,Unimarc,UNIMARC LARAPINTA,LOS HALCONES 2180,LAMPA,Lun-Vie 08:30 a 22:00 Sab 08:30 a 22:00 Dom 08:30 a 22:00,326185,6314537,-70.86674258469635,-33.294249826808695
113,Unimarc,UNIMARC LAS CONDES,AV. LAS CONDES 14791,LO BARNECHEA,Lun-Vie 08:30 a 22:00 Sab 08:30 a 22:00 Dom 08:30 a 22:00,360519,6306992,-70.4992863209999,-33.3671586729999
114,Unimarc,UNIMARC LOS MILITARES,MANQUEHUE NORTE 457,LAS CONDES,Lun-Vie 08:30 a 22:00 Sab 08:30 a 22:00 Dom 08:30 a 22:00,354145,6302875,-70.569019,-33.403826
115,Unimarc,UNIMARC ESC. MILITAR,AV. APOQUINDO 4335,LAS CONDES,Lun-Vie 08:30 a 22:00 Sab 08:30 a 22:00 Dom 08:30 a 22:00,352586,6301546,-70.5854137269988,-33.4151957807766
116,Unimarc,UNIMARC MANQUEHUE,MANQUEHUE 1700,LAS CONDES,Lun-Vie 08:30 a 22:00 Sab 08:30 a 22:00 Dom 08:30 a 22:00,354613,6300293,-70.5638241520871,-33.4267767581412
117,Unimarc,UNIMARC LOS TRAPENSES,AV. JOSE ALCALDE DELANO 10497,LO BARNECHEA,Lun-Vie 08:30 a 22:00 Sab 08:30 a 22:00 Dom 08:30 a 22:00,356800,6308128,-70.539645,-33.356825
118,Unimarc,UNIMARC 2da TRANSVERSAL MAIPU,SEGUNDA TRANSVERSAL 4090,MAIPU,Lun-Vie 08:30 a 22:00 Sab 08:30 a 22:00 Dom 08:30 a 22:00,338124,6293185,-70.742400759,-33.488491715
119,Unimarc,UNIMARC EL ROSAL,AVENIDA EL ROSAL 6361,MAIPU,Lun-Vie 08:30 a 22:00 Sab 08:30 a 22:00 Dom 08:30 a 22:00,336855,6294206,-70.755865037,-33.4790914719999
120,Unimarc,UNIMARC MAIPU 4 PONIENTE,CUATRO PONIENTE 1197,MAIPU,Lun-Vie 08:30 a 22:00 Sab 08:30 a 22:00 Dom 08:30 a 22:00,333505,6288379,-70.7929883333333,-33.5311133333333
121,Unimarc,UNIMARC SILVA CARVALLO,SILVA CARVALLO 1414,MAIPU,Lun-Vie 08:30 a 22:00 Sab 08:30 a 22:00 Dom 08:30 a 22:00,335188,6288336,-70.7748811580075,-33.5317578837243
122,Unimarc,UNIMARC RINCONADA,RINCONADA 1900,MAIPU,Lun-Vie 08:30 a 22:00 Sab 08:30 a 22:00 Dom 08:30 a 22:00,334367,6291033,-70.78322806347565,-33.507436523392094
123,Unimarc,UNIMARC RAMON FREIRE,PAJARITOS 1529,MAIPU,Lun-Vie 08:30 a 22:00 Sab 08:30 a 22:00 Dom 08:30 a 22:00,336796,6290375,-70.7572041155321,-33.5136286644342
124,Unimarc,UNIMARC ABRAZO DE MAIPU,AV. JORGE GUERRA 16190,MAIPU,Lun-Vie 08:30 a 22:00 Sab 08:30 a 22:00 Dom 08:30 a 22:00,335550,6287195,-70.77119666666665,-33.542105555555565
125,Unimarc,UNIMARC IGNACIO CARRERA PINTO,CAPITAN IGNACIO CARRERA PINTO 3857,ÑUÑOA,Lun-Dom 09:00 a 21:00,352230,6295382,-70.590836,-33.471126
126,Unimarc,UNIMARC IRARRAZAVAL,AV. IRARRAZAVAL 4354,ÑUÑOA,Lun-Vie 08:30 a 22:00 Sab 08:30 a 22:00 Dom 08:30 a 22:00,352923,6297204,-70.5832589036208,-33.454682812099
127,Unimarc,UNIMARC VILLA OLIMPICA,OBISPO ORREGO 1250,ÑUÑOA,Lun-Vie 08:30 a 22:00 Sab 08:30 a 22:00 Dom 08:30 a 22:00,349440,6296284,-70.620126539,-33.4622026659999
128,Unimarc,UNIMARC GRECIA,AV. GRECIA 320,ÑUÑOA,Lun-Vie 08:30 a 22:00 Sab 08:30 a 22:00 Dom 08:30 a 22:00,349068,6296883,-70.624774370013,-33.4570436385942
129,Unimarc,UNIMARC LOS LEONES,GENERAL JOSE ARTIGAS 3250,ÑUÑOA,Lun-Vie 08:30 a 22:00 Sab 08:30 a 22:00 Dom 08:30 a 22:00,351544,6297782,-70.5979928378057,-33.4492817398444
130,Unimarc,UNIMARC BUIN MAIPO,CAMINO BUIN MAIPO 3147,BUIN,Lun-Dom 09:00 a 21:00,335520,6266251,-70.775400,-33.731020
131,Unimarc,UNIMARC MANUEL MONTT,AV. IRARRAZAVAL 1740,ÑUÑOA,Lun-Vie 08:30 a 22:00 Sab 08:30 a 22:00 Dom 08:30 a 22:00,350095,6297309,-70.612909,-33.453171
132,Unimarc,UNIMARC CONSISTORIAL,AV. CONSISTORIAL 2701,PEÑALOLEN,Lun-Vie 08:30 a 22:00 Sab 08:30 a 22:00 Dom 08:30 a 22:00,356177,6293886,-70.54804093749999,-33.48475083333333
134,Unimarc,UNIMARC LAS PARCELAS,LAS PARCELAS 9001,PEÑALOLEN,Lun-Vie 08:30 a 22:00 Sab 08:30 a 22:00 Dom 08:30 a 22:00,357042,6295272,-70.53850590909089,-33.47236772727273
135,Unimarc,UNIMARC FCO. BILBAO,BILBAO 2050,PROVIDENCIA,Lun-Vie 08:30 a 22:00 Sab 08:30 a 22:00 Dom 08:30 a 22:00,350678,6299001,-70.60635638888888,-33.43787740740739
136,Unimarc,UNIMARC CIUDAD DE LOS VALLES,AV. EN CANAL 19591,PUDAHUEL,Lun-Vie 08:30 a 22:00 Sab 08:30 a 22:00 Dom 08:30 a 22:00,328674,6297448,-70.843834,-33.44899
137,Unimarc,UNIMARC CONCHA y TORO,AV. CONCHA Y TORO 3193,PUENTE ALTO,Lun-Vie 08:30 a 22:00 Sab 08:30 a 22:00 Dom 08:30 a 22:00,353338,6283191,-70.5810930577196,-33.5810872192106
138,Unimarc,UNIMARC TRONCAL SAN FRANCISCO,AV. LAS NIEVES 02251,PUENTE ALTO,Lun-Vie 08:30 a 22:00 Sab 08:30 a 22:00 Dom 08:30 a 22:00,355568,6282217,-70.55648055378825,-33.58999730657146
139,Unimarc,UNIMARC CARRASCAL,GONZALO BULNES 2407,QUINTA NORMAL,Lun-Vie 08:30 a 22:00 Sab 08:30 a 22:00 Dom 08:30 a 22:00,342151,6300975,-70.69770881268451,-33.41897606779182
140,Unimarc,UNIMARC SAN BERNARDO,PADRE HURTADO 13694,SAN BERNARDO,Lun-Vie 08:30 a 22:00 Sab 08:30 a 22:00 Dom 08:30 a 22:00,344335,6282354,-70.67803,-33.587456
141,Unimarc,UNIMARC BUIN,BALMACEDA 280,BUIN,Lun-Dom 09:00 a 21:00,338889,6266137,-70.739633,-33.732849
142,Unimarc,UNIMARC ALTO JAHUEL,MIRAFLORES 242,BUIN,Lun-Vie 08:30 a 22:00 Sab 08:30 a 22:00 Dom 08:30 a 22:00,344013,6265974,-70.68438,-33.735082
143,Unimarc,UNIMARC SAN JOAQUIN,SANTA ROSA 5320,SAN JOAQUIN,Lun-Vie 08:30 a 22:00 Sab 08:30 a 22:00 Dom 08:30 a 22:00,347827,6291432,-70.63829166666666,-33.5057238888889
144,Unimarc,UNIMARC GRAN AVENIDA 1,GRAN AVENIDA 5485 - 5620,SAN MIGUEL,Lun-Vie 08:30 a 22:00 Sab 08:30 a 22:00 Dom 08:30 a 22:00,346251,6291634,-70.65522499999997,-33.50367933333334
145,Unimarc,UNIMARC DIEGO PORTALES,PORTUGAL 56,SANTIAGO,Lun-Vie 08:30 a 22:00 Sab 08:30 a 22:00 Dom 08:30 a 22:00,347622,6298581,-70.63928769230766,-33.44124153846153
146,Unimarc,UNIMARC ESTADO,ESTADO 85-93-95,SANTIAGO,Lun-Vie 08:30 a 22:00 Sab 08:30 a 22:00 Dom 08:30 a 22:00,346718,6298498,-70.6490317802572,-33.44197592224275
147,Unimarc,UNIMARC ESPACIO M,COMPAÑIA 1214,SANTIAGO,Lun-Vie 08:30 a 22:00 Sab 08:30 a 22:00 Dom 08:30 a 22:00,346315,6298882,-70.6540427730639,-33.4386299257484
148,Unimarc,UNIMARC LAS TRANQUERAS,AV. VITACURA 8400,VITACURA,Lun-Vie 08:30 a 22:00 Sab 08:30 a 22:00 Dom 08:30 a 22:00,355451,6304983,-70.55406998192434,-33.38471122178522
149,Unimarc,UNIMARC RENCA BIGGER,AV. BRASIL 7073-7085,RENCA,Lun-Vie 08:30 a 22:00 Sab 08:30 a 22:00 Dom 08:30 a 22:00,337699,6302950,-70.7452052654659,-33.4003926036353
150,Unimarc,UNIMARC VITACURA,AV. VITACURA 4607,VITACURA,Lun-Vie 08:30 a 22:00 Sab 08:30 a 22:00 Dom 08:30 a 22:00,352462,6303414,-70.58644919291348,-33.39845424503488
151,Unimarc,UNIMARC SANTA MARIA,SANTA MARIA 6940,VITACURA,Lun-Vie 08:30 a 22:00 Sab 08:30 a 22:00 Dom 08:30 a 22:00,354095,6305848,-70.5685015296984,-33.37672678934954
152,Unimarc,UNIMARC PUDAHUEL,SAN PABLO 8315,PUDAHUEL,Lun-Vie 08:30 a 22:00 Sab 08:30 a 22:00 Dom 08:30 a 22:00,338235,6298105,-70.74089,-33.444551
153,Unimarc,UNIMARC HUECHURABA,AV. PEDRO FONTOVA 7626,HUECHURABA,Lun-Vie 08:30 a 22:00 Sab 08:30 a 22:00 Dom 08:30 a 22:00,344579,6308748,-70.6702618902826,-33.3491351263854
154,Unimarc,UNIMARC PORTUGAL,PORTUGAL 579,SANTIAGO,Lun-Dom 09:00 a 21:00,348021,6297693,-70.63514240599,-33.4492998960469
155,Unimarc,UNIMARC EL ABRAZO,CAMINO A MELIPILLA 16860,MAIPU,Lun-Vie 08:30 a 22:00 Sab 08:30 a 22:00 Dom 08:30 a 22:00,334781,6287061,-70.780068,-33.543589
156,Unimarc,UNIMARC LOS DOMINICOS,AV. LOS DOMINICOS 8630,LAS CONDES,Lun-Vie 08:30 a 22:00 Sab 08:30 a 22:00 Dom 08:30 a 22:00,356387,6302203,-70.5444439874589,-33.4097939366661
157,Unimarc,UNIMARC ALFEREZ REAL,MANUEL MONTT 1097 ESQUINA ALFEREZ REAL PISO -1,PROVIDENCIA,Lun-Vie 08:30 a 22:00 Sab 08:30 a 22:00 Dom 08:30 a 22:00,349784,6299028,-70.615965752,-33.437514134
159,Unimarc,OK MARKET ELIODORO YAÑEZ,AV. PROVIDENCIA 753-759-763,PROVIDENCIA,Lun-Vie 08:30 a 22:00 Sab 08:30 a 22:00 Dom 08:30 a 22:00,348894,6299532,-70.62545892622124,-33.43295613888134
160,Unimarc,OK MARKET EL RODEO,LA DEHESA 2035 LOCAL 3 y 4,LO BARNECHEA,Lun-Vie 08:30 a 22:00 Sab 08:30 a 22:00 Dom 08:30 a 22:00,358777,6308651,-70.51831066,-33.35236727
163,Unimarc,Ok Market Ciudad Empresarial,"AVENIDA SANTA CLARA 354, LOCALES 102 Y 107",HUECHURABA,Lun-Dom 09:00 a 21:00,349897,6304006,-70.6144908536614,-33.3930467031672
164,Unimarc,Ok Market Brown Norte,AV. IRARRAZABAL ÑUÑOA 3674,ÑUÑOA,Lun-Dom 09:00 a 21:00,352075,6297152,-70.59221381482593,-33.45514363505319
165,Unimarc,Ok Market Macul,MACUL 3440,MACUL,Lun-Dom 09:00 a 21:00,351473,6293739,-70.5992514590774,-33.485831257858486
166,Unimarc,Ok Market Rosario Norte,"ROSARIO NORTE 530, LOCALES 104, 105 Y106",LAS CONDES,Lun-Dom 09:00 a 21:00,353772,6302793,-70.5730424247903,-33.4045172561425
167,Unimarc,Ok Market Tobalaba,"AVENIDA PROVIDENCIA 2646 - 2658, LOCAL 16 PROVIDENCIA",PROVIDENCIA,Lun-Dom 09:00 a 21:00,351089,6301207,-70.6021390378432,-33.418453013673
168,Unimarc,Ok Market Encomenderos,SAN SEBASTIÁN 2701,LAS CONDES,Lun-Dom 09:00 a 21:00,351077,6301409,-70.6022430949566,-33.4166292576182
169,Unimarc,Ok Market Santa Blanca,JOSE ALCALDE DELANO 11293 ,LO BARNECHEA,Lun-Dom 09:00 a 21:00,357470,6308337,-70.53240408856489,-33.355025553646236
170,Unimarc,Ok Market Los Ingleses,CAMINO CHICUREO KM 2 S/N,COLINA,Lun-Dom 09:00 a 21:00,344030,6315766,-70.6755224365375,-33.2861869796065
171,Unimarc,UNIMARC TALAGANTE,AV. BERNARDO O'HIGGINS 2259,TALAGANTE,Lun-Vie 08:30 a 22:00 Sab 08:30 a 22:00 Dom 08:30 a 22:00,319929,6272647,-70.942314,-33.670833
200,Walmart,LIDER EXPRESS LYON,AV. NUEVA PROVIDENCIA 2249,PROVIDENCIA,Lun-Dom 08:30 a 22:00,350483,6300777,-70.6081661556346,-33.4219538517412
201,Walmart,LIDER HIPER INDEPENDENCIA,AV. INDEPENDENCIA 4142,CONCHALI,Lun-Dom 08:30 a 22:00,344158,6304216,-70.6755763593055,-33.3900453115187
202,Walmart,LIDER EXPRESS SANTO DOMINGO,SANTO DOMINGO 1031,SANTIAGO,Lun-Dom 08:30 a 22:00,346464,6299147,-70.6516548119126,-33.4360880401112
203,Walmart,LIDER HIPER PUENTE ALTO,AV. CONCHA Y TORO 1149,PUENTE ALTO,Lun-Dom 08:30 a 22:00,353633,6281124,-70.5775013992747,-33.5994671217027
204,Walmart,LIDER EXPRESS HUERFANOS,HUERFANOS 827,SANTIAGO,Lun-Dom 08:30 a 22:00,346756,6298799,-70.6485729715654,-33.4392619273105
205,Walmart,LIDER HIPER PUENTE NUEVO,AV. LAS CONDES 12916,LO BARNECHEA,Lun-Dom 08:30 a 22:00,359303,6306592,-70.5124132700129,-33.3707159149033
206,Walmart,LIDER HIPER DEPARTAMENTAL,AV. AMERICO VESPUCIO 6325,LA FLORIDA,Lun-Dom 08:30 a 22:00,352250,6290599,-70.5908423050933,-33.5139692664726
207,Walmart,LIDER EXPRESS SAN PABLO,SAN PABLO 2362,SANTIAGO,Lun-Dom 08:30 a 22:00,344728,6299227,-70.6703095942928,-33.4351117170152
208,Walmart,LIDER EXPRESS VITACURA,AV. VITACURA 4100,VITACURA,Lun-Dom 08:30 a 22:00,352081,6303248,-70.590576297215,-33.3998990540761
209,Walmart,LIDER EXPRESS MAIPU,AV. LOS PAJARITOS 1790,MAIPU,Lun-Dom 08:30 a 22:00,334970,6290719,-70.7767871139999,-33.5102455959999
210,Walmart,LIDER EXPRESS NONATO COO,NONATO COO 3108,PUENTE ALTO,Lun-Dom 08:30 a 22:00,354339,6283507,-70.5695087566837,-33.5781976112227
211,Walmart,LIDER EXPRESS PLAZA ITALIA,AV. RANCAGUA 0180,PROVIDENCIA,Lun-Dom 08:30 a 22:00,348465,6298654,-70.6302176043761,-33.4408174704335
212,Walmart,LIDER HIPER IRARRAZAVAL,AV.IRARRAZAVAL 2928,ÑUÑOA,Lun-Dom 08:30 a 22:00,351240,6297150,-70.6006210653509,-33.4547651690121
213,Walmart,LIDER EXPRESS LAS REJAS,AV.LIBERTADOR BERNARDO O'HIGGINS 5199,ESTACION CENTRAL,Lun-Dom 08:30 a 22:00,341411,6296733,-70.7064214225571,-33.4571151736776
214,Walmart,LIDER EXPRESS PUENTE ALTO,AV. MEXICO 1598,PUENTE ALTO,Lun-Dom 08:30 a 22:00,355323,6281696,-70.5592016467882,-33.5946574220441
215,Walmart,LIDER HIPER LOS MORROS,RIQUELME 69,EL BOSQUE,Lun-Dom 08:30 a 22:00,345157,6286944,-70.6678183800384,-33.5459163082289
216,Walmart,LIDER HIPER MATUCANA,AV. MATUCANA 1202,QUINTA NORMAL,Lun-Dom 08:30 a 22:00,343780,6299604,-70.6804390226636,-33.43157146822
217,Walmart,LIDER HIPER HUECHURABA,AV. AMERICO VESPUCIO 1737,HUECHURABA,Lun-Dom 08:30 a 22:00,343910,6306609,-70.6778212680362,-33.3684386191972
218,Walmart,LIDER HIPER AV. CENTRAL,AV. LOS PAJARITOS 2689,MAIPU,Lun-Dom 08:30 a 22:00,336813,6291899,-70.757311,-33.503596
219,Walmart,LIDER HIPER MAIPU,AV. LOS PAJARITOS 4500,MAIPU,Lun-Dom 08:30 a 22:00,337827,6293961,-70.7454617303113,-33.4815673499888
220,Walmart,LIDER HIPER QUILIN,AV. AMERICO VESPUCIO 3100,PEÑALOLEN,Lun-Dom 08:30 a 22:00,353268,6293801,-70.5793607501303,-33.4852339316205
221,Walmart,LIDER HIPER VESPUCIO MAIPU,AV. AMERICO VESPUCIO NORTE 1955,MAIPU,Lun-Dom 08:30 a 22:00,336486,6295041,-70.7596833680178,-33.4715098425775
222,Walmart,LIDER HIPER CORDILLERA,AV. LOS TOROS 05441,PUENTE ALTO,Lun-Dom 08:30 a 22:00,355378,6284823,-70.5581064108238,-33.5664713042779
223,Walmart,LIDER HIPER VICUÑA MACKENNA,AV. VICUNA MACKENA 7196,LA FLORIDA,Lun-Dom 08:30 a 22:00,351302,6289827,-70.6011757750608,-33.5207973280328
224,Walmart,LIDER HIPER MACUL,AV. JOSE PEDRO ALESSANDRI 2127,MACUL,Lun-Dom 08:30 a 22:00,351433,6295002,-70.5989014600478,-33.4741531626615
225,Walmart,LIDER HIPER VITACURA,BUENAVENTURA 1770,VITACURA,Lun-Dom 08:30 a 22:00,354148,6304767,-70.5681058850668,-33.3864876806606
226,Walmart,LIDER HIPER PLAZA VESPUCIO,AV. FROILAN ROA 7107,LA FLORIDA,Lun-Dom 08:30 a 22:00,351452,6290543,-70.6001898275732,-33.5145345077161
227,Walmart,LIDER EXPRESS COLON,AV. CUARTO CENTENARIO 1016,LAS CONDES,Lun-Dom 08:30 a 22:00,355555,6301316,-70.5535460224003,-33.4177873910042
228,Walmart,LIDER EXPRESS LATADIA,AV. AMERICO VESPUCIO SUR 1790,LAS CONDES,Lun-Dom 08:30 a 22:00,353607,6300097,-70.5746863701926,-33.428513593411
229,Walmart,LIDER HIPER TALAGANTE,AV. LIBERTADOR BERNARDO O'HIGGINS 807,TALAGANTE,Lun-Dom 08:30 a 22:00,321495,6273615,-70.9252302032062,-33.6623790828303
230,Walmart,LIDER EXPRESS P. DE VALDIVIA,AV. PEDRO DE VALDIVIA 1885,PROVIDENCIA,Lun-Dom 08:30 a 22:00,350605,6298769,-70.6071853448527,-33.4400811646939
231,Walmart,LIDER EXPRESS ESTORIL,AV. LAS CONDES 10295,LAS CONDES,Lun-Dom 08:30 a 22:00,357322,6305062,-70.5339438756033,-33.384250004664
232,Walmart,LIDER EXPRESS M. MONTT,AV. MANUEL MONTT 80,PROVIDENCIA,Lun-Dom 08:30 a 22:00,349417,6299936,-70.6197662036586,-33.4293901179188
233,Walmart,LIDER EXPRESS TOBALABA,AV. LAS CAMELIAS 2875,PROVIDENCIA,Lun-Dom 08:30 a 22:00,351440,6300684,-70.5978918739228,-33.4229235911053
234,Walmart,LIDER EXPRESS LA DEHESA,AV. EL RODEO 12850,LO BARNECHEA,Lun-Dom 08:30 a 22:00,358495,6308551,-70.5207927126735,-33.352951786773
235,Walmart,LIDER EXPRESS APOQUINDO,AV. APOQUINDO 6060,LAS CONDES,Lun-Dom 08:30 a 22:00,354199,6302250,-70.5679730326251,-33.4091874626127
236,Walmart,LIDER EXPRESS IRARRÁZAVAL,AV. IRARRAZAVAL 2401,ÑUÑOA,Lun-Dom 08:30 a 22:00,350723,6297204,-70.6061770801876,-33.4542041239829
237,Walmart,LIDER EXPRESS LOS DOMINICOS,AV. LA PLAZA 590,LAS CONDES,Lun-Dom 08:30 a 22:00,360639,6304481,-70.498955,-33.390209
238,Walmart,LIDER EXPRESS PIEDRA ROJA,AV. CHICUREO S/N° SECTOR LAGUNA PIEDRA ROJA,COLINA,Lun-Dom 08:30 a 22:00,348316,6316784,-70.62877,-33.277328
239,Walmart,LIDER EXPRESS COLINA,CALLE LOS ALAMOS S/N LOTEO ESTANCIA DE LINRAY,COLINA,Lun-Dom 08:30 a 22:00,342929,6323318,-70.685467,-33.217646
240,Walmart,LIDER EXPRESS PEDRO FONTOVA,AV. PEDRO FONTOVA 7455,HUECHURABA,Lun-Dom 08:30 a 22:00,344583,6308466,-70.6702707188651,-33.3517902688916
241,Walmart,LIDER EXPRESS PROVIDENCIA SANTA ISABEL,AV. SANTA ISABEL 0168,PROVIDENCIA,Lun-Dom 08:30 a 22:00,348590,6297992,-70.628988552848,-33.4468024118991
242,Walmart,LIDER EXPRESS GRECIA,AV.GRECIA 245,ÑUÑOA,Lun-Dom 08:30 a 22:00,348778,6297035,-70.6271214907962,-33.4554512837419
243,Walmart,LIDER EXPRESS CONSISTORIAL,AV. EL CONSISTORIAL 3349,PEÑALOLEN,Lun-Dom 08:30 a 22:00,356069,6293544,-70.5492605909738,-33.4879386719393
245,Walmart,LIDER EXPRESS ROJAS MAGALLANES,AV. SANCHEZ FONTECILLA 8968,LA FLORIDA,Lun-Dom 08:30 a 22:00,355437,6294688,-70.556435,-33.477818
246,Walmart,LIDER EXPRESS GRAN AVENIDA,GRAN AVENIDA JOSE MIGUEL CARRERA 4004,SAN MIGUEL,Lun-Dom 08:30 a 22:00,346620,6293153,-70.6510015909072,-33.4901472285148
247,Walmart,LIDER EXPRESS CIUDAD DEL ESTE,AV. DIEGO PORTALES 06303,LA FLORIDA,Lun-Dom 08:30 a 22:00,355784,6285746,-70.554146,-33.558495
248,Walmart,LIDER EXPRESS 10 DE JULIO,AV. DIEZ DE JULIO 1625,SANTIAGO,Lun-Dom 08:30 a 22:00,345975,6297108,-70.657264268817,-33.4543969124095
249,Walmart,LIDER EXPRESS SANTA ROSA,AV. SANTA ROSA 115,SANTIAGO,Lun-Dom 08:30 a 22:00,347039,6298118,-70.6456432832749,-33.4454406991941
250,Walmart,LIDER HIPER LOS DOMINICOS,AV. CAMINO EL ALBA 11865,LAS CONDES,Lun-Dom 08:30 a 22:00,359064,6303246,-70.5162602451958,-33.4010309606469
251,Walmart,LIDER EXPRESS MERCED,MERCED 560,SANTIAGO,Lun-Dom 08:30 a 22:00,347081,6298942,-70.6450494877621,-33.4380244776321
252,Walmart,LIDER EXPRESS SAN MARTIN DOWN TOWN,SAN MARTIN 37,SANTIAGO,Lun-Dom 08:30 a 22:00,345951,6298233,-70.6573316939999,-33.4442484746824
253,Walmart,LIDER EXPRESS VESPUCIO EL ROSAL,AV. AMERICO VESPUCIO 1122,MAIPU,Lun-Dom 08:30 a 22:00,336894,6294278,-70.7554495228448,-33.4785709438186
255,Walmart,LIDER HIPER OESTE,AV. AMERICO VESPUCIO 2500,CERRILLOS,Lun-Dom 08:30 a 22:00,341234,6290001,-70.7095140378624,-33.5177767962498
256,Walmart,LIDER HIPER SANTA ROSA,AV. SANTA ROSA 9233,SAN RAMON,Lun-Dom 08:30 a 22:00,348308,6287035,-70.6338725867448,-33.5455463417283
257,Walmart,LIDER HIPER QUILICURA,AV. LIBERTADOR BERNARDO O'HIGGINS 314,QUILICURA,Lun-Dom 08:30 a 22:00,339244,6307865,-70.7283,-33.356711
258,Walmart,LIDER EXPRESS TOMAS MORO,AV. TOMAS MORO 1590,LAS CONDES,Lun-Dom 08:30 a 22:00,355585,6300708,-70.553886,-33.423569
259,Walmart,LIDER HIPER RECOLETA,AV. RECOLETA 3501,RECOLETA,Lun-Dom 08:30 a 22:00,347251,6303850,-70.6423967463143,-33.3937924098514
260,Walmart,LIDER HIPER PRINCIPE DE GALES,AV. PRINCIPE DE GALES 9140,LA REINA,Lun-Dom 08:30 a 22:00,357272,6298698,-70.5354914891933,-33.4416245402331
261,Walmart,LIDER HIPER GRAN AVENIDA,GRAN AVENIDA JOSE MIGUEL CARRERA 6150,SAN MIGUEL,Lun-Dom 08:30 a 22:00,346086,6290686,-70.6571739852926,-33.5123136495111
262,Walmart,LIDER HIPER LA PINTANA,AV. SANTA ROSA ESQ GABRIELA 2541,LA PINTANA,Lun-Dom 08:30 a 22:00,348878,6282565,-70.62848095,-33.58582
263,Walmart,LIDER HIPER MELIPILLA,AV. VICUNA MACKENNA 0153,MELIPILLA,Lun-Dom 08:30 a 22:00,295735,6271053,-71.2034869855747,-33.6808237217269
264,Walmart,LIDER HIPER GENERAL VELASQUEZ,AV. PADRE ALBERTO HURTADO 060,ESTACION CENTRAL,Lun-Dom 08:30 a 22:00,342768,6297190,-70.69173,-33.4530783333333
265,Walmart,LIDER HIPER SAN PABLO,AV. NEPTUNO 720,LO PRADO,Lun-Dom 08:30 a 22:00,339867,6298062,-70.7227898618076,-33.4448987331016
266,Walmart,LIDER HIPER LA REINA,AV. JORGE ALESSANDRI 1131,LA REINA,Lun-Dom 08:30 a 22:00,356222,6296363,-70.5471596002507,-33.4625346040014
267,Walmart,LIDER HIPER VESPUCIO,AV. AMERICO VESPUCIO SUR 881,ÑUÑOA,Lun-Dom 08:30 a 22:00,353769,6296340,-70.57430507,-33.46258442
268,Walmart,LIDER HIPER SANTA AMALIA,AV. SANTA AMALIA 1763,LA FLORIDA,Lun-Dom 08:30 a 22:00,354236,6287333,-70.57056,-33.543967
269,Walmart,LIDER HIPER SAN JOAQUIN,AV. VICUNA MACKENNA 3361,SAN JOAQUIN,Lun-Dom 08:30 a 22:00,349434,6293977,-70.6205823884334,-33.4831148286493
270,Walmart,LIDER HIPER SAN BERNARDO,AV. SAN JOSE 69,SAN BERNARDO,Lun-Dom 08:30 a 22:00,342599,6281110,-70.6963917185752,-33.5981376684502
271,Walmart,LIDER HIPER 3 PONIENTE,AV. TRES PONIENTE 0900,MAIPU,Lun-Dom 08:30 a 22:00,334891,6289564,-70.777865038053,-33.5207567895844
272,Walmart,LIDER HIPER NOS,AV. PDTE. JORGE ALESSANDRI 20040,SAN BERNARDO,Lun-Dom 08:30 a 22:00,341092,6277598,-70.7132534136322,-33.6295800949417
273,Walmart,LIDER EXPRESS BUIN-SAN MARTIN,AV. SAN MARTIN 555,BUIN,Lun-Dom 08:30 a 22:00,339216,6265916,-70.735576486,-33.734499365
274,Walmart,LIDER EXPRESS MAIPU-ISABEL RIQUELME,AV. ISABEL RIQUELME SUR 1446,MAIPU,Lun-Dom 08:30 a 22:00,338448,6293544,-70.7388550829891,-33.485306511221
275,Walmart,LIDER EXPRESS PORTUGAL,AV. PORTUGAL 634 LOCAL 1,SANTIAGO,Lun-Dom 08:30 a 22:00,348067,6297608,-70.6346717431647,-33.4500732628827
276,Walmart,LIDER EXPRESS LAGUNA DEL SOL,SAN IGNACIO 1624,PADRE HURTADO,Lun-Dom 08:30 a 22:00,346244,6295589,-70.6546238759851,-33.4680186104286
277,Walmart,LIDER EXPRESS SALVADOR-ÑUÑOA,AV. SALVADOR 1822,ÑUÑOA,Lun-Dom 08:30 a 22:00,349285,6297662,-70.6215545684589,-33.4497634121856
278,Walmart,ACUENTA CERRILLOS,AV. LO ERRAZURIZ 1625,CERRILLOS,Lun-Dom 09:00 a 21:00,339980,6293085,-70.723027,-33.490067
279,Walmart,ACUENTA CARMEN MAIPU,AV. SUR ESQUINA CARMEN 411,MAIPU,Lun-Dom 09:00 a 21:00,336411,6289589,-70.7620630093553,-33.5210544505879
280,Walmart,ACUENTA CUIDAD SATELITE,CAMINO A MELIPILLA 18500,MAIPU,Lun-Dom 09:00 a 21:00,333464,6285918,-70.79446925,-33.55369251
281,Walmart,ACUENTA PEÑAFLOR,VEITIUNO DE MAYO 475,PEÑAFLOR,Lun-Dom 09:00 a 21:00,323889,6279694,-70.898796,-33.608257
282,Walmart,ACUENTA EL MONTE,LOS LIBERTADORES 453,EL MONTE,Lun-Dom 09:00 a 21:00,316284,6271439,-70.9824197080847,-33.6813888357299
283,Walmart,ACUENTA TRAVESIA,AV. LA TRAVESIA 7127,PUDAHUEL,Lun-Dom 09:00 a 21:00,338502,6296586,-70.7383005350336,-33.4582852089311
284,Walmart,ACUENTA QUINTA NORMAL,MAPOCHO 5041,QUINTA NORMAL,Lun-Dom 09:00 a 21:00,341579,6299959,-70.7046108333333,-33.4283406666667
285,Walmart,ACUENTA CARRASCAL,AV. CARRASCAL 6003,QUINTA NORMAL,Lun-Dom 09:00 a 21:00,340892,6301333,-70.7117466666667,-33.415845
286,Walmart,ACUENTA RENCA PETERSEN,AV. VICUNA MACKENNA 998,RENCA,Lun-Dom 09:00 a 21:00,337658,6302018,-70.74639418,-33.40919017
287,Walmart,ACUENTA QUILICURA AV. MATTA,AV. MANUEL ANTONIO MATTA 1336,QUILICURA,Lun-Dom 09:00 a 21:00,340459,6306691,-70.71489527921082,-33.36719203612535
288,Walmart,ACUENTA RENCA JAIME GUZMAN,AV. CAUPOLICAN 1520,RENCA,Lun-Dom 09:00 a 21:00,341740,6302854,-70.70236322,-33.40226617
289,Walmart,ACUENTA CONCHALI SANTA INES,AV. SANTA INES 2189,CONCHALI,Lun-Dom 09:00 a 21:00,344062,6303481,-70.6773008333334,-33.3969508333333
290,Walmart,ACUENTA CONCHALI,AV. PRINCIPAL 1385,CONCHALI,Lun-Dom 09:00 a 21:00,345148,6305378,-70.66473591238972,-33.379718111700704
291,Walmart,ACUENTA VIVACETA,AV. SAN FERMIN VIVACETA 827,SANTIAGO,Lun-Dom 09:00 a 21:00,345452,6300591,-70.6622793342328,-33.4228078756101
292,Walmart,ACUENTA RECOLETA NORTE,AV. RECOLETA 5252,RECOLETA,Lun-Dom 09:00 a 21:00,347607,6305542,-70.6388490700764,-33.3788795688539
293,Walmart,ACUENTA LAMPA,AV. BAQUEDANO 862,LAMPA,Lun-Dom 09:00 a 21:00,325068,6315773,-70.8790592698801,-33.2832073418454
294,Walmart,ACUENTA EYZAGUIRRE ORIENTE,AV. EYZAGUIRRE 1951,PUENTE ALTO,Lun-Dom 09:00 a 21:00,351838,6279420,-70.597701,-33.614985
296,Walmart,ACUENTA DOMINGO TOCORNAL,AV. DOMINGO TOCORNAL 369,PUENTE ALTO,Lun-Dom 09:00 a 21:00,353253,6280702,-70.5822406168285,-33.603626844196
297,Walmart,ACUENTA CERRO NAVIA,HUELEN 1984,CERRO NAVIA,Lun-Dom 09:00 a 21:00,338049,6301334,-70.7423110238356,-33.4154158055936
299,Walmart,ACUENTA LOS MORROS,AV. PADRE HURTADO 13310,SAN BERNARDO,Lun-Dom 09:00 a 21:00,344441,6282856,-70.676805,-33.58295
300,Walmart,ACUENTA GABRIELA,AV. GABRIELA PONIENTE 03960,PUENTE ALTO,Lun-Dom 09:00 a 21:00,351013,6283032,-70.6059885,-33.58230976
301,Walmart,ACUENTA EL BOSQUE,AV. LO MARTINEZ 919 EX 645,EL BOSQUE,Lun-Dom 09:00 a 21:00,345441,6283987,-70.665832,-33.572894
302,Walmart,ACUENTA ORIENTALES,AV. TOBALABA 10831,PEÑALOLEN,Lun-Dom 09:00 a 21:00,355707,6295598,-70.55338847,-33.46965175
303,Walmart,ACUENTA LA FLORIDA SOTERO DEL RIO,AV. SOTERO DEL RIO 831,LA FLORIDA,Lun-Dom 09:00 a 21:00,351270,6287826,-70.602409,-33.539120
304,Walmart,ACUENTA LO OVALLE,AV. LO OVALLE 2356,LO ESPEJO,Lun-Dom 09:00 a 21:00,344153,6291084,-70.67790256742315,-33.508441724194
306,Walmart,ACUENTA LA GRANJA,AV. SOFIA CARMONA 301,LA GRANJA,Lun-Dom 09:00 a 21:00,349050,6285832,-70.626652037037,-33.5567838888889
307,Walmart,ACUENTA BUIN,ERRAZURIZ 230,BUIN,Lun-Dom 09:00 a 21:00,338855,6266229,-70.7399912266777,-33.7320234573693
308,Walmart,ACUENTA SAN BERNARDO EUCALIPTUS,AV. EUCALIPTUS 81,SAN BERNARDO,Lun-Dom 09:00 a 21:00,342023,6279905,-70.70280734095891,-33.608921172408756
309,Walmart,ACUENTA PAINE,AV. DIECIOCHO DE SEPTIEMBRE 311,PAINE,Lun-Dom 09:00 a 21:00,339211,6257754,-70.7371097441192,-33.8080739085468
310,Walmart,ACUENTA RINCONADA,CAMINO RINCONADA 2515,MAIPU,Lun-Dom 09:00 a 21:00,333757,6291241,-70.78975468122334,-33.5054677263014
311,Walmart,ACUENTA ISLA DE MAIPO,AV. MANUEL RODRIGUEZ 684,ISLA DE MAIPO,Lun-Dom 09:00 a 21:00,323965,6263767,-70.900562,-33.751563
312,Walmart,LIDER EXPRESS RECOLETA & EINSTEIN,AV. RECOLETA 2302,RECOLETA,Lun-Dom 09:00 a 21:00,347241,6302559,-70.6432800734353,-33.4057145086571
313,Walmart,EKONO VICUÑA MACKENNA & TRINIDAD,AV. VICUNA MACKENNA 9840,LA FLORIDA,Lun-Dom 09:00 a 21:00,352617,6286976,-70.5880525296785,-33.5469704357368
314,Walmart,LIDER EXPRESS ELIODORO YAÑEZ,AV. ELIODORO YANEZ 1371,PROVIDENCIA,Lun-Dom 09:00 a 21:00,349700,6299518,-70.61679506830598,-33.433201925186005
315,Walmart,EKONO INDEPENDENCIA I,AV. INDEPENDENCIA 650,INDEPENDENCIA,Lun-Dom 09:00 a 21:00,346146,6300552,-70.6553948790727,-33.4236550783208
316,Walmart,LIDER EXPRESS BELLAVISTA,BELLAVISTA 257,RECOLETA,Lun-Dom 09:00 a 21:00,347290,6299520,-70.6432746161456,-33.4331281310355
317,Walmart,EKONO 1 TRANSVERSAL,PRIMERA TRANSVERSAL 800,PADRE HURTADO,Lun-Dom 09:00 a 21:00,333063,6284629,-70.7990280572964,-33.56524566557
318,Walmart,LIDER EXPRESS IRARRAZABAL,AV. IRARRAZAVAL 710,ÑUÑOA,Lun-Dom 09:00 a 21:00,349218,6297326,-70.6229075760195,-33.4531840201005
320,Walmart,LIDER HIPER LO MARCOLETA,AV. LO MARCOLETA 361,QUILICURA,Lun-Dom 09:00 a 21:00,337679,6307444,-70.7451918570984,-33.3602705550185
321,Walmart,LIDER HIPER MIRAFLORES,AV. MIRAFLORES 8702,RENCA,Lun-Dom 09:00 a 21:00,336827,6303063,-70.7551361293018,-33.3996393003601
322,Walmart,LIDER EXPRESS PROVIDENCIA,AV. PROVIDENCIA 1634,PROVIDENCIA,Lun-Dom 09:00 a 21:00,349792,6300250,-70.6162437194574,-33.4268931604457
323,Walmart,EKONO COLOMBIA,COLOMBIA 7111,LA FLORIDA,Lun-Dom 09:00 a 22:00,352340,6289762,-70.59057512,-33.52181361
324,Walmart,EKONO JOSÉ LUIS COO,AV. JOSE LUIS COO 0158,PUENTE ALTO,Lun-Dom 09:00 a 22:00,354022,6280111,-70.5740513766842,-33.6090550343912
325,Walmart,LIDER EXPRESS PEDRO DE VALDIVIA,AV. PEDRO DE VALDIVIA 5359,ÑUÑOA,Lun-Dom 09:00 a 22:00,350776,6295159,-70.60650772056502,-33.47293505223398
326,Walmart,LIDER EXPRESS TOBALABA,AV. TOBALABA 1175,PROVIDENCIA,Lun-Dom 09:00 a 22:00,351984,6300467,-70.5926381794417,-33.4252452506208
328,Walmart,EKONO VITACURA,AV. VITACURA 5322,VITACURA,Lun-Dom 09:00 a 22:00,352961,6303690,-70.58160926358401,-33.396318446648735
329,Walmart,LIDER EXPRESS RAMÓN CRUZ,RAMON CRUZ 3219,MACUL,Lun-Dom 09:00 a 22:00,352777,6293879,-70.58519412,-33.48475166
330,Walmart,EKONO PRIMO DE RIVERA,AV. PRIMO DE RIVERA 1447,MAIPU,Lun-Dom 09:00 a 22:00,338492,6292828,-70.73908744077137,-33.49216947406965
332,Walmart,EKONO ALC. JORGE MONCKEBERG,AV. ALC. JORGE MONCKEBERG 1911,ÑUÑOA,Lun-Dom 09:00 a 22:00,352546,6295259,-70.5874533333333,-33.4722833333333
333,Walmart,LIDER EXPRESS LO BARNECHEA,AV. LO BARNECHEA 1000,LO BARNECHEA,Lun-Dom 09:00 a 22:00,359947,6307838,-70.5058678434859,-33.3598522823472
334,Walmart,EKONO LO OVALLE,AV. LO OVALLE 1395,SAN MIGUEL,Lun-Dom 09:00 a 22:00,345422,6290679,-70.664886,-33.512567
336,Walmart,EKONO AV. CENTRAL,AV. CENTRAL 5960,PEDRO AGUIRRE CERDA,Lun-Dom 09:00 a 22:00,343263,6292267,-70.68783868983391,-33.49793356466401
341,Walmart,EKONO MONSEÑOR LARRAÍN,AV. MONSENOR LARRAIN 960,TALAGANTE,Lun-Dom 09:00 a 22:00,319654,6272241,-70.9459315267012,-33.67473627492552
342,Walmart,LIDER EXPRESS GRAJALES,AV. GRAJALES 2146,SANTIAGO,Lun-Dom 09:00 a 22:00,345246,6297742,-70.6655583333333,-33.4488666666667
343,Walmart,LIDER EXPRESS L. B. O´HIGGINS,AV. LIBERTADOR BERNARDO O'HIGGINS 2843,SANTIAGO,Lun-Dom 09:00 a 22:00,344491,6297706,-70.67368952,-33.44908044
344,Walmart,EKONO CURICÓ,AV. CURICO 517,SANTIAGO,Lun-Dom 09:00 a 22:00,347350,6298092,-70.64287399,-33.4460089
345,Walmart,EKONO VICUÑA MACKENNA,AV. VICUNA MACKENNA 1918,PEÑAFLOR,Lun-Dom 09:00 a 22:00,325752,6279432,-70.87877292535825,-33.61092810444613
346,Walmart,LIDER EXPRESS AV. SEGUNDA TRANSVERSAL,AV. SEGUNDA TRANSVERSAL 956,MAIPU,Lun-Dom 09:00 a 22:00,337753,6290173,-70.7475203280826,-33.515989112455
348,Walmart,LIDER EXPRESS MONJITAS,MONJITAS 734,SANTIAGO,Lun-Dom 09:00 a 22:00,346894,6299075,-70.64760588809447,-33.43708393264061
349,Walmart,LIDER EXPRESS ARTIGAS,AV. ARTIGAS 2877,ÑUÑOA,Lun-Dom 09:00 a 22:00,351400,6298250,-70.59929189791166,-33.44515303729271
351,Walmart,LIDER EXPRESS AV. PORTUGAL,AV. PORTUGAL 225,SANTIAGO,Lun-Dom 09:00 a 22:00,347932,6298158,-70.63660021,-33.44549776
353,Walmart,LIDER EXPRESS LAS REJAS SUR,AV. LAS REJAS SUR 854,ESTACION CENTRAL,Lun-Dom 09:00 a 22:00,341615,6296021,-70.70491356,-33.46385003
354,Walmart,EKONO LAS TORRES,AV. LAS TORRES 1099,MAIPU,Lun-Dom 09:00 a 22:00,339158,6294289,-70.7316498637863,-33.4790989143999
355,Walmart,EKONO EL DESCANSO,AV. EL DESCANSO 798,MAIPU,Lun-Dom 09:00 a 22:00,337382,6295254,-70.75058977810252,-33.47012791114295
357,Walmart,EKONO LAGUNA SUR,AV. LAGUNA SUR 8438,PUDAHUEL,Lun-Dom 09:00 a 22:00,337224,6296370,-70.75208422307277,-33.4600447542746
359,Walmart,EKONO BAGDAD,BAGDAD 855,MAIPU,Lun-Dom 09:00 a 22:00,335791,6286939,-70.7692240494748,-33.544847200695
361,Walmart,LIDER EXPRESS AV. LO CRUZAT,AV. LO CRUZAT 281,QUILICURA,Lun-Dom 09:00 a 22:00,339922,6307655,-70.7210525849993,-33.3587034374104
363,Walmart,LIDER EXPRESS SAN PABLO,AV.SAN PABLO 2902,SANTIAGO,Lun-Dom 09:00 a 22:00,344231,6299213,-70.67622005,-33.43545453
364,Walmart,LIDER EXPRESS CUATRO PONIENTE,AV. CUATRO PONIENTE 350,MAIPU,Lun-Dom 09:00 a 22:00,333646,6289125,-70.7919081041838,-33.5248098258014
365,Walmart,EKONO SANTA LUISA,AV.SANTA LUISA 366,QUILICURA,Lun-Dom 09:00 a 22:00,338190,6308444,-70.7395257201423,-33.3513346576088
366,Walmart,EKONO PDTE. GABRIEL GONZALEZ VIDELA,AV. PDTE. GABRIEL GONZALEZ VIDELA 2380,MAIPU,Lun-Dom 09:00 a 22:00,334174,6287873,-70.78645999,-33.53617906
367,Walmart,EKONO CARRASCAL,AV. CARRASCAL 4436,QUINTA NORMAL,Lun-Dom 09:00 a 22:00,342564,6300539,-70.6939116049383,-33.4232572222222
368,Walmart,EKONO GALILEO,AV.GALILEO 1610,CERRILLOS,Lun-Dom 09:00 a 22:00,339466,6292177,-70.7287141666666,-33.4981845833333
369,Walmart,LIDER EXPRESS BANDERALIDER,AV. BANDERA 814,SANTIAGO,Lun-Dom 09:00 a 22:00,346378,6299388,-70.6531031851191,-33.4341888455835
370,Walmart,EKONO LAS INDUSTRIAS,AV. LAS INDUSTRIAS 5155,SAN JOAQUIN,Lun-Dom 09:00 a 22:00,348901,6291745,-70.62725909,-33.50345413
371,Walmart,LIDER EXPRESS JUAN DE DIOS MALEBRÁN,AV. JUAN DE DIOS MALEBRAN 1750,PUENTE ALTO,Lun-Dom 09:00 a 22:00,352481,6281606,-70.59040345,-33.59536433
372,Walmart,LIDER EXPRESS SAN DIEGO,AV. SAN DIEGO 219,SANTIAGO,Lun-Dom 09:00 a 22:00,346586,6297879,-70.6511286753678,-33.4478188751945
374,Walmart,LIDER EXPRESS COVENTRY,COVENTRY 601,ÑUÑOA,Lun-Dom 09:00 a 22:00,353149,6297860,-70.58054204491022,-33.448911730139386
376,Walmart,EKONO AV. INDEPENDENCIA,AV. INDEPENDENCIA 1113,INDEPENDENCIA,Lun-Dom 09:00 a 22:00,346032,6301251,-70.6565057068013,-33.4173400437057
377,Walmart,LIDER EXPRESS LOS LEONES,AV. LOS LEONES 1881,PROVIDENCIA,Lun-Dom 09:00 a 22:00,351208,6299214,-70.6011899221714,-33.436439624637
378,Walmart,EKONO AV. RECOLETA,AV. RECOLETA 901,RECOLETA,Lun-Dom 09:00 a 22:00,347151,6300776,-70.644554,-33.421780
379,Walmart,EKONO EL SALTO,AV. EL SALTO 1871-1875-1879,RECOLETA,Lun-Dom 09:00 a 22:00,347877,6301995,-70.63654817169775,-33.410890034843455
380,Walmart,EKONO EL TRANQUE,AV. EL TRANQUE 1292,PUDAHUEL,Lun-Dom 09:00 a 22:00,335441,6299300,-70.7707268480078,-33.433354224012
381,Walmart,LIDER EXPRESS AV. LIRA,LIRA 464,SANTIAGO,Lun-Dom 09:00 a 22:00,347712,6297793,-70.63902870148733,-33.44875728114271
382,Walmart,EKONO AV BRASIL,AV. BRASIL 66,SANTIAGO,Lun-Dom 09:00 a 22:00,345291,6298161,-70.66500148568778,-33.445093528504245
383,Walmart,LIDER EXPRESS FROILAN ROA,AV. FROILAN ROA 5308,MACUL,Lun-Dom 09:00 a 22:00,351379,6291902,-70.60056887861391,-33.50238289728468
384,Walmart,LIDER EXPRESS SANTA ISABEL,AV. SANTA ISABEL 861,PROVIDENCIA,Lun-Dom 09:00 a 22:00,349488,6298212,-70.61985629122239,-33.445231274392036
385,Walmart,LIDER EXPRESS GRAN AVENIDA,GRAN AVENIDA JOSE MIGUEL CARRERA 8540,LA CISTERNA,Lun-Dom 09:00 a 22:00,345621,6288337,-70.66314487061261,-33.533707908377885
386,Walmart,EKONO EL OLIMPO,AV. EL OLIMPO 1990,MAIPU,Lun-Dom 09:00 a 22:00,335145,6290560,-70.775512628509,-33.5120993279485
387,Walmart,LIDER EXPRESS IRARAZAVAL,AV. IRARRAZAVAL 5353,ÑUÑOA,Lun-Dom 08:30 a 22:00,353640,6297303,-70.5753524816071,-33.4539982023978
388,Walmart,EKONO VICUÑA MACKENA II,AV.VICUNA MACKENNA 8733,SANTIAGO,Lun-Dom 08:30 a 22:00,352102,6288281,-70.593387281819,-33.5351370756034
389,Walmart,LIDER EXPRESS MANQUEHUE SUR,AV. MANQUEHUE SUR 841,LAS CONDES,Lun-Dom 08:30 a 22:00,354462,6301723,-70.5657934547875,-33.4142598248012
390,Walmart,LIDER HIPER BUIN BERNARDO OHIGGINS,AV. LIBERTADOR BERNARDO O'HIGGINS 555,BUIN,Lun-Dom 08:30 a 22:00,338028,6265988,-70.748957608,-33.734063853
391,Walmart,LIDER HIPER PUDAHUEL,AV. SAN FRANCISCO 8404,PUDAHUEL,Lun-Dom 08:30 a 22:00,337441,6298984,-70.749271086,-33.4365047969999
392,Walmart,LIDER EXPRESS JOSÉ D. CAÑAS,AV. JOSE DOMINGO CANAS 1580,ÑUÑOA,Lun-Dom 08:30 a 22:00,349928,6297028,-70.6153184659836,-33.4559707634447
393,Walmart,LIDER HIPER MAIPÚ,AV. LAS INDUSTRIAS 15560,MAIPU,Lun-Dom 08:30 a 22:00,335839,6287314,-70.768076,-33.541184
394,Walmart,EKONO SAN PABLO,SAN PABLO 9091,PUDAHUEL,Lun-Dom 09:00 a 22:00,336169,6298354,-70.762498,-33.441714
395,Walmart,EKONO AV. INDEPENDENCIA,AV. INDEPENDENCIA 4553,CONCHALI,Lun-Dom 09:00 a 22:00,343894,6304599,-70.678347,-33.386557
396,Walmart,LIDER EXPRESS LAGUNA SUR,AV. LAGUNA SUR 7383,PUDAHUEL,Lun-Dom 09:00 a 22:00,337990,6296179,-70.743316,-33.461598
397,Walmart,LIDER HIPER PEÑAFLOR,AV. BALMACEDA 750,PEÑAFLOR,Lun-Dom 08:30 a 22:00,327785,6279686,-70.856250,-33.608683
398,Walmart,SBA CURACAVI,AV. AMBROSIO OHIGGINS ALTURA 2100,CURACAVI,Lun-Dom 09:00 a 21:30,302266,6302066,-71.126222,-33.402531
399,Walmart,LIDER EXPRESS CIUDAD DE LOS VALLES,CAMINO APACIBLE 635,PUDAHUEL,Lun-Dom 09:00 a 22:00 ,328693,6297521,-70.843050,-33.448053
